fold,threshold,train_clusters,test_clusters,positive_train_rate,positive_test_rate
1,0.35,2397,600,0.807259,0.806667
2,0.3,2397,600,0.806008,0.811667
3,0.35,2398,599,0.80859,0.801336
4,0.4,2398,599,0.806088,0.811352
5,0.4,2398,599,0.807756,0.804674
