fold,threshold,train_clusters,test_clusters,positive_train_rate,positive_test_rate
1,0.4,2397,600,0.807259,0.806667
2,0.325,2397,600,0.806008,0.811667
3,0.45,2398,599,0.80859,0.801336
4,0.475,2398,599,0.806088,0.811352
5,0.525,2398,599,0.807756,0.804674
