{
  "method": "pixelate",
  "face_crop_count": 1279,
  "adaface_cosine_sim_mean": 0.4078647792339325,
  "adaface_reid_rate": 0.2290852228303362,
  "arcface_cosine_sim_mean": 0.45908626914024353,
  "arcface_reid_rate": 0.326817826426896,
  "device": "cuda",
  "batch_size": 32,
  "arcface_available": true,
  "skipped_rows": []
}
