method,positive_pair_count,negative_pair_count,mean_positive_similarity,mean_negative_similarity,std_positive_similarity,std_negative_similarity,auc,eer,tar_at_far_10,tar_at_far_05,evidence_boundary
original,80,80,0.36443826369941235,0.3673755951225758,0.15147999754652902,0.14853351757139324,0.4785937500000001,0.5125,0.0875,0.0875,medium_slice_evidence
blur,80,80,0.31697147076483817,0.3661296892678365,0.13523880346445977,0.15892709812475794,0.35984375,0.6125,0.05,0.0375,medium_slice_evidence
pixelate,80,80,0.3701806113589555,0.41659755185246466,0.14368104578642302,0.12315448921789138,0.40828124999999993,0.5687500000000001,0.05,0.0,medium_slice_evidence
