fixed_method,policy_mean,fixed_mean,mean_difference,ci_low,ci_high,policy_wins,fixed_wins,ties
blur,0.9097979498169918,0.8833741728292924,0.026423776987699356,0.021176101661395403,0.032133498222600844,393,107,0
diffusion_low_step,0.9097979498169918,0.8734753363223796,0.03632261349461218,0.03306863826315808,0.03972489672106928,456,44,0
falco,0.9097979498169918,0.8106769135141331,0.09912103630285868,0.09594579616733422,0.10165660929218852,497,3,0
layered_blur_downscale_noise,0.9097979498169918,0.8897889134252596,0.0200090363917322,0.017594608501465995,0.022615414402047396,440,60,0
nullface,0.9097979498169918,0.8042390503023596,0.1055588995146322,0.09963737754939794,0.11192328738413475,497,3,0
pixelate,0.9097979498169918,0.7960566641001208,0.113741285716871,0.10173408972927779,0.1260909680508468,470,24,6
reverse_personalization,0.9097979498169918,0.770951962949893,0.13884598686709881,0.12463126100653789,0.1540172216997309,498,2,0
riddle,0.9097979498169918,0.9030561813295034,0.006741768487488413,0.0038798303751631062,0.00875242304600482,137,2,361
solid_mask_black,0.9097979498169918,0.8581546746593752,0.05164327515761651,0.04864350068052018,0.054680971563717796,488,12,0
