method,mean_max_reid,privacy_max_reid,eligible_default_policy,visual_eligibility,oapr_deployment_face_anonymisation_score,exploratory_balanced_score,residual_identity_risk,passes_privacy_floor_balanced
solid_mask_black,0.2927333333333333,0.7072666666666666,True,ELIGIBLE,0.8142197061568615,0.9324310352859834,0.2927333333333333,True
riddle,0.2967,0.7032999999999999,False,RESEARCH_COMPARABLE_NOT_DEFAULT,0.813025068553892,0.9030561813295034,0.2967,True
layered_blur_downscale_noise,0.3275095238095238,0.6724904761904762,True,ELIGIBLE,0.8047286744071428,0.9520045539444724,0.3275095238095238,True
diffusion_low_step,0.3319635642135642,0.6680364357864359,False,RESEARCH_ONLY_NOT_DEFAULT,0.7829428221411716,0.9127037184993366,0.3319635642135642,True
blur,0.3921777777777778,0.6078222222222222,True,ELIGIBLE,0.770820416626832,0.9359917948835658,0.3921777777777778,True
falco,0.2956499999999999,0.70435,False,RESEARCH_COMPARABLE_NOT_DEFAULT,0.76609510389819,0.8106769135141331,0.2956499999999999,True
nullface,0.3740603896103896,0.6259396103896104,False,RESEARCH_ONLY_NOT_DEFAULT,0.7218289124305768,0.8179418872861857,0.3740603896103896,True
reverse_personalization,0.4879936507936507,0.5120063492063492,False,RESEARCH_ONLY_NOT_DEFAULT,0.65939989335003,0.7413826479806911,0.4879936507936507,False
pixelate,0.6081247474747474,0.3918752525252525,False,ELIGIBLE,0.6539920323408726,0.8439795621180424,0.6081247474747474,False
