objective_mode,n_input_frames,n_success,n_failure,category_policy_score_mean,actual_privacy_score_mean,actual_utility_score_mean,actual_runtime_score_mean,actual_objective_score_mean
balanced_high_compute,500,500,0,0.9562775299999999,0.9904952380952381,0.8913986777819931,0.9349894504,0.9561661674222169
balanced_standard,500,500,0,0.9562775299999999,0.9904952380952381,0.8913986777819931,0.9349894504,0.9561661674222169
failure_avoidance,500,500,0,0.9562775299999999,0.9904952380952381,0.8913986777819931,0.9349894504,0.9561661674222169
privacy_first,500,500,0,0.9729164419999999,0.9928119047619047,0.8802252730399814,0.9353654544,0.9737703970093305
runtime_practical,500,500,0,0.955039934,0.9904952380952381,0.8913986777819931,0.9349894504,0.954974665914494
utility_priority,500,500,0,0.9416999039999999,0.982995238095238,0.903613829334219,0.9345094468,0.9401564307756809
