fixed_method,n_paired_frames,integrated_mean,fixed_mean,mean_difference_integrated_minus_fixed,difference_ci_low,difference_ci_high,integrated_win_count,fixed_win_count,tie_count
reverse_personalization,500,0.9561661674222169,0.748982647980691,0.2071835194415259,0.18575081608592398,0.22762811622692222,495,5,0
nullface,500,0.9561661674222169,0.8179418872861857,0.13822428013603139,0.1312934265448935,0.14563225451828743,500,0,0
pixelate,500,0.9561661674222169,0.8439795621180424,0.11218660530417464,0.09951936807654825,0.1248485048856029,397,103,0
diffusion_low_step,500,0.9561661674222169,0.9127037184993366,0.04346244892288026,0.03941916588985838,0.047654455610067425,458,42,0
solid_mask_black,500,0.9561661674222169,0.9324310352859834,0.023735132136233593,0.021466947106104944,0.02596953922876373,397,22,81
blur,500,0.9561661674222169,0.9359917948835658,0.020174372538651255,0.014120682220159095,0.02648057644885515,237,263,0
layered_blur_downscale_noise,500,0.9561661674222169,0.9520045539444723,0.004161613477744742,0.0017312218277064151,0.007089740219600159,141,73,286
