policy_generation,method,objective_mode,n_input_frames,n_success,n_failure,method_distribution,SSIM_mean,LPIPS_mean,AdaFace_reid_rate,ArcFace_reid_rate,runtime_mean_seconds,runtime_total_seconds
previous_oapr,oapr_compute_profile_adaptive,compute_profile_adaptive,500,500,0,"{""blur"": 354, ""copy"": 146}",0.991463974308252,0.0087908034273423,0.0258014073494917,0.0555121188428459,0.409516,204.757875
previous_oapr,oapr_failure_avoidance,failure_avoidance,500,500,0,"{""blur"": 21, ""copy"": 146, ""layered"": 333}",0.9910700273528172,0.008991988293128,0.0101641907740422,0.0281469898358092,0.431233,215.616281
previous_oapr,oapr_multimodal_risk,multimodal_risk,500,500,0,"{""blur"": 354, ""copy"": 146}",0.991463974308252,0.0087908034273423,0.0258014073494917,0.0555121188428459,0.4038,201.899763
previous_oapr,oapr_privacy_first,privacy_first,500,500,0,"{""copy"": 146, ""solid_mask"": 354}",0.9792807370168862,0.0186164179593324,0.0007818608287724,0.0007818608287724,0.400564,200.281812
previous_oapr,oapr_runtime_aware,runtime_aware,500,500,0,"{""blur"": 79, ""copy"": 146, ""layered"": 275}",0.9912454410832656,0.0087914078491739,0.016419077404222,0.034401876465989,0.421331,210.665566
previous_oapr,oapr_utility_priority,utility_priority,500,500,0,"{""blur"": 354, ""copy"": 146}",0.991463974308252,0.0087908034273423,0.0258014073494917,0.0555121188428459,0.396663,198.331498
previous_oapr,oapr_utility_under_privacy_floor,utility_under_privacy_floor,500,500,0,"{""blur"": 354, ""copy"": 146}",0.991463974308252,0.0087908034273423,0.0258014073494917,0.0555121188428459,0.395342,197.670841
integrated_current,integrated_condition_aware_policy,balanced_condition_aware,500,500,0,"{""layered_blur_downscale_noise"": 286, ""no_action_copy"": 133, ""solid_mask_black"": 81}",0.9886422886640311,0.010597624586895072,0.007967895256030848,0.018881714644426506,0.32505274799999995,162.52637399999998
