variant,privacy_deployment,utility_deployment,runtime_efficiency,pareto_efficient
text_blur_screen_blur,0.6405259309821048,0.8974555386679525,0.9883678524931505,True
text_blur_screen_fill,0.8687091490517218,0.8703627004796762,0.9944243983928269,True
text_fill_screen_blur,0.6585592639817311,0.882472821985694,0.9886125009131501,True
text_fill_screen_fill,0.8867424820513484,0.8571751247558246,0.9947441885937588,True
text_pixelate_screen_blur,0.6364289177228434,0.9005283256713961,0.9888315770866272,True
text_pixelate_screen_pixelate,0.5946861757303128,0.9437906270803302,0.9938246613472196,True
